{
  "image": "IMG_0787.jpg",
  "image_size": [
    4032,
    3024
  ],
  "num_detections": 2,
  "detections": [
    {
      "box_index": 0,
      "angle_degree": 2.2398927211761475,
      "box_points": [
        [
          291,
          1368
        ],
        [
          299,
          1153
        ],
        [
          3632,
          1286
        ],
        [
          3623,
          1502
        ]
      ],
      "expanded_box": [
        0,
        1084,
        4032,
        1571
      ],
      "recognized_text": "BISb3ON16",
      "product_codes": [
        "BISB3ON16"
      ]
    },
    {
      "box_index": 1,
      "angle_degree": 1.6307562589645386,
      "box_points": [
        [
          2138,
          803
        ],
        [
          2143,
          642
        ],
        [
          3627,
          685
        ],
        [
          3623,
          847
        ]
      ],
      "expanded_box": [
        1841,
        601,
        3924,
        888
      ],
      "recognized_text": "AXal",
      "product_codes": [
        "AXAL"
      ]
    }
  ]
}